CREATE DATABASE IF NOT EXISTS library;
USE library;

CREATE TABLE IF NOT EXISTS students
(
	roll_no int NOT NULL AUTO_INCREMENT,
    name varchar(50) NOT NULL,
    course varchar(40) NOT NULL,
    sem int NOT NULL DEFAULT 1,
    email varchar(60),
    phone varchar(10),
    
    PRIMARY KEY (roll_no)
); 

INSERT INTO  students (roll_no, name, course, sem, email, phone) values(10101, 'Lawrence Sullivan', 'B.Tech IT', 7, 'joshua59@hotmail.com', 8314379917), (10102, 'Maurice Bryant', 'B.Tech Mech', 5, 'molly29@gmail.com', 8358416127), (10103, 'April Wilson', 'B.Tech Civil', 3, 'contreraschad@heath-russell.com', 9196631806), (10104, 'Nancy Wilson', 'B.Tech CSE', 1, 'brandymayer@yahoo.com', 8460621678), (10105, 'Carolyn Hensley', 'B.Tech Civil', 1, 'alison59@johnson.biz', 8542503486), (10106, 'Janice Brennan', 'B.Tech Elec', 7, 'wrightyvonne@roach.com', 9117996126), (10107, 'Jeffrey Tran DVM', 'B.Tech Elec', 3, 'phillip74@gmail.com', 9349168789), (10108, 'Jennifer Cooper', 'B.Tech Elec', 3, 'baileylucas@martinez.org', 8554236842), (10109, 'Frank Neal', 'B.Tech CSE', 3, 'triciataylor@maxwell-bridges.net', 9891314718), (10110, 'Paul Perez', 'B.Tech CSE', 1, 'barkerjessica@diaz.com', 9980300033), (10111, 'John Sellers DDS', 'B.Tech CSE', 1, 'jaguirre@hotmail.com', 8259474144), (10112, 'Donna Thomas', 'B.Tech Mech', 7, 'rachelkim@hotmail.com', 8897990529), (10113, 'Frank Davis', 'B.Tech CSE', 7, 'anna29@gmail.com', 9864527445), (10114, 'Donald Barnes MD', 'B.Tech IT', 7, 'jonessarah@davis.com', 8047155522), (10115, 'Paul Johnson', 'B.Tech IT', 7, 'mconley@murphy-brooks.net', 7905225841), (10116, 'Jacob Thompson', 'B.Tech IT', 1, 'fbaker@smith.com', 8963947018), (10117, 'Alexander Brown', 'B.Tech Mech', 3, 'avilajoel@graham-lewis.com', 7991353173), (10118, 'Kristina Rogers', 'B.Tech Elec', 1, 'jrandall@guzman.info', 8846987009), (10119, 'Dawn Marquez', 'B.Tech Civil', 3, 'paul59@yahoo.com', 9327354122), (10120, 'Stephanie Taylor', 'B.Tech CSE', 7, 'ashleycase@anderson-thompson.info', 8762882939), (10121, 'Jennifer Mayer', 'B.Tech Elec', 3, 'wrightmonique@wagner-adams.com', 7843634420), (10122, 'Charlotte Krueger', 'B.Tech Mech', 7, 'andrewrosales@gmail.com', 8187305036), (10123, 'James Hopkins', 'B.Tech Mech', 1, 'bellnicholas@gmail.com', 8464588285), (10124, 'Joshua Hodges', 'B.Tech CSE', 3, 'john33@mcdaniel.com', 9365388639), (10125, 'Lisa Jones', 'B.Tech Elec', 7, 'leekeith@park-smith.com', 8362173558), (10126, 'Shelby Rosales', 'B.Tech Elec', 3, 'asmith@hotmail.com', 7823025305), (10127, 'Shelly Branch', 'B.Tech Elec', 5, 'michaelrivera@campbell.com', 8837162181), (10128, 'Mr. Brian Compton', 'B.Tech CSE', 7, 'pjenkins@wilkinson.com', 8554001641), (10129, 'Michael Obrien', 'B.Tech Civil', 3, 'laurafloyd@hotmail.com', 8363237450), (10130, 'Tammy Lawson', 'B.Tech IT', 7, 'sparksdenise@evans.info', 8853364628), (10131, 'Carla Jones', 'B.Tech CSE', 3, 'donna48@holmes.info', 7930819246), (10132, 'Jennifer Mack', 'B.Tech Mech', 7, 'patricia41@johnson.org', 7903726416), (10133, 'Jennifer Johnson', 'B.Tech Civil', 7, 'jeffreynelson@jones-blanchard.com', 9903279870), (10134, 'William Jones', 'B.Tech IT', 1, 'housechristy@hotmail.com', 8738662330), (10135, 'Kelly Miller', 'B.Tech IT', 5, 'jimenezmatthew@gmail.com', 8426901580), (10136, 'William Schneider', 'B.Tech CSE', 5, 'qgomez@walker.com', 8225590835), (10137, 'Claudia Pena', 'B.Tech Elec', 1, 'francisco82@yahoo.com', 8302509091), (10138, 'Shelby Cameron', 'B.Tech Civil', 7, 'cortezlauren@hotmail.com', 9538549232), (10139, 'Brian Holt', 'B.Tech Mech', 7, 'kimberlycollins@park-shepard.biz', 8006202701), (10140, 'Michael Blevins', 'B.Tech CSE', 7, 'danielortiz@wilson.com', 8194739026), (10141, 'Michael Cameron', 'B.Tech IT', 1, 'xthompson@gmail.com', 9801500180), (10142, 'Alice Rich', 'B.Tech Civil', 3, 'bryan86@welch.net', 8057221241), (10143, 'Gregory Washington', 'B.Tech CSE', 1, 'jcarr@harris.com', 7850908188), (10144, 'Jamie Howard', 'B.Tech Mech', 1, 'colinhicks@yahoo.com', 9387430981), (10145, 'John Rios', 'B.Tech Mech', 7, 'ilawson@yahoo.com', 7962572064), (10146, 'Kaitlyn Hudson', 'B.Tech CSE', 7, 'jason98@yahoo.com', 9207075851), (10147, 'Tracey Curtis', 'B.Tech IT', 3, 'garciakeith@gmail.com', 9559207340), (10148, 'Steven Olsen', 'B.Tech IT', 5, 'diane73@glenn.com', 9711009504), (10149, 'Robert Johnson DDS', 'B.Tech Civil', 1, 'alexandra66@green.org', 9440284364), (10150, 'Ian Vasquez', 'B.Tech IT', 7, 'amandajohnson@hotmail.com', 8595285987), (10151, 'Karl Freeman', 'B.Tech Elec', 5, 'scott96@gmail.com', 9360771004), (10152, 'Vincent Smith', 'B.Tech Mech', 3, 'barkerpatrick@moore.com', 7983962997), (10153, 'David Ochoa', 'B.Tech IT', 1, 'hpitts@yahoo.com', 9038664926), (10154, 'Michele Martinez', 'B.Tech CSE', 5, 'franciscocarroll@hunter-james.net', 7883215638), (10155, 'Paul Alvarado', 'B.Tech Civil', 1, 'omendoza@hotmail.com', 8414328932), (10156, 'Anita Green', 'B.Tech CSE', 5, 'michellehill@hotmail.com', 8488426250), (10157, 'Jennifer Welch', 'B.Tech IT', 5, 'druiz@gmail.com', 9176648388), (10158, 'James Morris', 'B.Tech Mech', 3, 'bthompson@klein.com', 9255897183), (10159, 'Dustin Phillips', 'B.Tech Elec', 1, 'carrieallen@hotmail.com', 9660363646), (10160, 'Andre Rivera', 'B.Tech CSE', 1, 'bfrazier@kaufman-patton.biz', 8320774827), (10161, 'Brianna Miller', 'B.Tech IT', 7, 'watsonpatrick@hotmail.com', 9552387868), (10162, 'Donna Ford', 'B.Tech Mech', 5, 'qwilson@hotmail.com', 9897576281), (10163, 'Alexandra Santana', 'B.Tech IT', 5, 'blevine@washington-bates.com', 9179651098), (10164, 'Cassandra Cannon', 'B.Tech Mech', 5, 'william42@hotmail.com', 9381268343), (10165, 'William Simmons', 'B.Tech Mech', 1, 'victorbennett@hotmail.com', 8281774071), (10166, 'Lisa Anderson', 'B.Tech CSE', 3, 'stephanie06@cervantes.com', 8226401892), (10167, 'John Perez', 'B.Tech Elec', 1, 'jennifer33@gmail.com', 8757275555), (10168, 'Caitlin Miller', 'B.Tech IT', 3, 'kristie86@hotmail.com', 9297639178), (10169, 'Sharon Terry', 'B.Tech Mech', 5, 'bparker@yahoo.com', 8618029914), (10170, 'Michelle Hall', 'B.Tech Civil', 7, 'howejohn@bailey.com', 8613722142), (10171, 'Linda Long', 'B.Tech CSE', 5, 'pamela28@gmail.com', 8987856944), (10172, 'Dylan Carr', 'B.Tech Elec', 1, 'rconley@mason.net', 8468639378), (10173, 'Jennifer Cameron', 'B.Tech IT', 1, 'dorothyscott@ramos.info', 9784670705), (10174, 'William Chan', 'B.Tech CSE', 5, 'katherine31@hotmail.com', 9437554886), (10175, 'Matthew Hayes', 'B.Tech Mech', 7, 'tanya97@hotmail.com', 9505388289), (10176, 'Caleb Reyes', 'B.Tech Mech', 3, 'james78@austin.info', 8435891673), (10177, 'Michael Smith', 'B.Tech CSE', 1, 'fred77@gmail.com', 9944008102), (10178, 'Holly Smith', 'B.Tech Elec', 7, 'fsmith@yahoo.com', 9240122227), (10179, 'Joseph Gutierrez', 'B.Tech Mech', 1, 'stacey85@hotmail.com', 8463951510), (10180, 'Brian Kennedy', 'B.Tech Elec', 3, 'hbrown@hotmail.com', 8981545354), (10181, 'Justin Smith', 'B.Tech Civil', 1, 'daniel10@hotmail.com', 9341083436), (10182, 'Kathryn Lewis', 'B.Tech Elec', 1, 'taylorsamantha@bryant.net', 8912223452), (10183, 'Shelley Lambert', 'B.Tech IT', 1, 'gooddiana@yahoo.com', 7851418292), (10184, 'Zachary Crawford', 'B.Tech Elec', 7, 'carriechavez@mcintyre.info', 8743406243), (10185, 'Anthony Ramirez', 'B.Tech Civil', 3, 'smithamanda@yahoo.com', 8449537547), (10186, 'Amber Bradley', 'B.Tech Mech', 5, 'uhayes@roman.com', 9075913674), (10187, 'Daniel Thomas', 'B.Tech Civil', 7, 'tarabaker@hotmail.com', 9194836675), (10188, 'Laura Montes', 'B.Tech Elec', 7, 'qhall@simpson-buckley.com', 9271447680), (10189, 'Mark Johnson', 'B.Tech Civil', 5, 'william25@huber.com', 9360977805), (10190, 'Andre Lopez', 'B.Tech Mech', 1, 'kellysweeney@mills-wilson.com', 9450436346), (10191, 'Kathleen Griffin', 'B.Tech Civil', 1, 'awhite@yahoo.com', 9543274885), (10192, 'Steven Soto', 'B.Tech IT', 5, 'daniel06@gmail.com', 8477464781), (10193, 'Courtney Taylor', 'B.Tech CSE', 7, 'brandongomez@hotmail.com', 7932980778), (10194, 'Brandon Jordan', 'B.Tech Civil', 3, 'williamsmelissa@lopez-swanson.com', 8071712837), (10195, 'Sally Lawrence', 'B.Tech CSE', 7, 'hsmith@bailey-lawrence.org', 9686732499), (10196, 'Nicholas Burton', 'B.Tech IT', 1, 'stewartscott@yahoo.com', 8662538939), (10197, 'Logan Snyder', 'B.Tech Civil', 3, 'amy24@stephenson.com', 9982114565), (10198, 'Kaitlyn Perez', 'B.Tech Elec', 7, 'psmith@hotmail.com', 8510695000), (10199, 'Ronald Luna', 'B.Tech Mech', 3, 'sheila60@gmail.com', 9700559656), (10200, 'Amanda Tucker', 'B.Tech Civil', 1, 'gregorycollins@haas.com', 9622971242), (10201, 'Tonya Goodman', 'B.Tech CSE', 3, 'duaneperry@hotmail.com', 8622247773), (10202, 'Jonathan Parker', 'B.Tech CSE', 7, 'carrie47@villanueva.com', 9479188563), (10203, 'Michael Nelson', 'B.Tech Elec', 3, 'jerry06@dean.com', 8561211619), (10204, 'Shawn Patterson', 'B.Tech Elec', 1, 'ramirezdonna@yahoo.com', 8724385594), (10205, 'Kenneth Green', 'B.Tech IT', 1, 'knoxjennifer@gmail.com', 8195612016), (10206, 'Daniel Murphy', 'B.Tech Civil', 5, 'madison84@harris.com', 9283188029), (10207, 'Samantha Martin', 'B.Tech IT', 3, 'mayomichael@curry.com', 8637350631), (10208, 'Kelly Collins', 'B.Tech Civil', 5, 'chadkey@gmail.com', 8421647101), (10209, 'Sara Joseph', 'B.Tech Mech', 1, 'latashaevans@clark.com', 9111510142), (10210, 'April Gutierrez', 'B.Tech Mech', 1, 'bradforddanielle@gmail.com', 9514204911), (10211, 'John Horton', 'B.Tech Mech', 5, 'johnterry@browning.biz', 9248394053), (10212, 'Marilyn Pham', 'B.Tech Mech', 1, 'brianmcdaniel@manning.net', 9457056509), (10213, 'David Myers', 'B.Tech IT', 1, 'heatherlevine@jones.biz', 8254466127), (10214, 'Edward Collins', 'B.Tech Mech', 5, 'yvonne85@pearson-brooks.com', 9456684259), (10215, 'John Saunders', 'B.Tech CSE', 7, 'justinanderson@cox-mitchell.com', 9088527802), (10216, 'David Bradley', 'B.Tech Elec', 3, 'melanie89@turner.com', 9232920246), (10217, 'Stephanie Stephenson', 'B.Tech Elec', 7, 'xsanchez@lee-wallace.com', 9779690097), (10218, 'Lee Hale MD', 'B.Tech IT', 7, 'santiagokatelyn@hotmail.com', 9309565101), (10219, 'John Valentine', 'B.Tech Civil', 7, 'michelleestrada@olson-wheeler.com', 8080833892), (10220, 'Manuel Williams', 'B.Tech Elec', 5, 'rachelmiller@gmail.com', 8276208139), (10221, 'Audrey Nguyen', 'B.Tech Mech', 3, 'christopher74@gmail.com', 9348421438), (10222, 'Rebekah Arnold', 'B.Tech IT', 7, 'lambmary@garcia.net', 9794222170), (10223, 'Sean Byrd', 'B.Tech Mech', 5, 'williamsjeremy@gmail.com', 9564638035), (10224, 'Patrick Nicholson', 'B.Tech Mech', 5, 'justin36@yahoo.com', 9419611803), (10225, 'Cynthia Nelson', 'B.Tech Mech', 5, 'markmorgan@russell.info', 8351587389), (10226, 'David West', 'B.Tech Elec', 7, 'stephenroberts@hotmail.com', 9449729424), (10227, 'Pamela Martin', 'B.Tech Mech', 7, 'mschwartz@moore-obrien.com', 9362549394), (10228, 'Amanda Johnson', 'B.Tech Civil', 5, 'davidbennett@hotmail.com', 9538866372), (10229, 'Ray Walters', 'B.Tech Civil', 5, 'holderrichard@yahoo.com', 9210262499), (10230, 'Carrie Davila', 'B.Tech Civil', 3, 'fosterregina@stewart.com', 9068370945), (10231, 'Pamela Ayala', 'B.Tech CSE', 3, 'janice26@hotmail.com', 9428490155), (10232, 'Kevin Thomas', 'B.Tech Civil', 3, 'xdennis@oliver.info', 9891271514), (10233, 'Theresa Turner', 'B.Tech IT', 1, 'vsutton@gmail.com', 9360845241), (10234, 'Juan Williams', 'B.Tech Civil', 5, 'armstrongtammy@yahoo.com', 9227583926), (10235, 'Dennis Maynard', 'B.Tech Civil', 1, 'judith26@williamson.com', 8556779406), (10236, 'Mr. Evan Moore', 'B.Tech Elec', 1, 'dwong@garcia-myers.info', 8025562041), (10237, 'Linda Simmons', 'B.Tech Elec', 3, 'valencialori@hotmail.com', 9415979742), (10238, 'Margaret Escobar', 'B.Tech Civil', 7, 'jonathanwalker@gmail.com', 9090204440), (10239, 'Jessica House', 'B.Tech Civil', 7, 'kellythornton@hotmail.com', 8003319199), (10240, 'Terri Park', 'B.Tech Elec', 5, 'anthony72@yahoo.com', 8393989543), (10241, 'Alison Weaver', 'B.Tech IT', 7, 'opeterson@gmail.com', 8149710151), (10242, 'Alexander Shepherd', 'B.Tech Mech', 3, 'morrisonmartin@yahoo.com', 9917934787), (10243, 'William Kelly', 'B.Tech Civil', 5, 'kimberly90@yahoo.com', 8035520525), (10244, 'Jennifer Davis', 'B.Tech Civil', 3, 'moorecharles@hotmail.com', 8436570173), (10245, 'Brandon Wilson', 'B.Tech IT', 1, 'mary33@yahoo.com', 9206326130), (10246, 'Cynthia Hill', 'B.Tech Civil', 1, 'michealdaniel@yahoo.com', 8561833530), (10247, 'Cory Lowe', 'B.Tech Elec', 5, 'millerjennifer@lara.org', 9867252539), (10248, 'Roy Tyler', 'B.Tech Civil', 3, 'bradleytaylor@hobbs.com', 9155815040), (10249, 'Jennifer Harding', 'B.Tech Civil', 3, 'salexander@munoz-lynch.info', 7925024380), (10250, 'Daniel Ayers', 'B.Tech Elec', 1, 'bwebster@anderson.com', 8050301504), (10251, 'Deborah Watson', 'B.Tech IT', 1, 'daltonwright@mccall.com', 8087748455), (10252, 'Corey Davis', 'B.Tech Elec', 7, 'hoffmanelizabeth@guzman-kane.net', 9029821761), (10253, 'Peter Davis', 'B.Tech CSE', 1, 'ebyrd@cox.info', 8931481418), (10254, 'Mr. Aaron Franklin', 'B.Tech Elec', 1, 'darrenbaker@gmail.com', 9811162104), (10255, 'Paul King', 'B.Tech Mech', 3, 'robertduffy@brandt.com', 9373083988), (10256, 'Colton Rodriguez', 'B.Tech Elec', 7, 'bjohnson@hotmail.com', 8178135719), (10257, 'Kenneth Reynolds', 'B.Tech CSE', 3, 'smiththomas@yahoo.com', 8765285349), (10258, 'Bryan Erickson', 'B.Tech Elec', 5, 'davidalvarado@yahoo.com', 9042416169), (10259, 'Alexis Rivera', 'B.Tech Elec', 7, 'cameronlopez@yahoo.com', 8995093226), (10260, 'Charles Espinoza', 'B.Tech Elec', 1, 'tommysilva@ruiz.org', 9328366371), (10261, 'Cindy Ryan', 'B.Tech Elec', 1, 'mcdanielerica@yahoo.com', 8157147666), (10262, 'Jill Dillon', 'B.Tech Mech', 3, 'jennifershepard@gmail.com', 9298431512), (10263, 'Michael Carter', 'B.Tech Elec', 1, 'butlermichael@lewis.net', 8851736877), (10264, 'Elizabeth Skinner', 'B.Tech Elec', 5, 'trevor27@carter.net', 9419432519), (10265, 'Tiffany Hill', 'B.Tech IT', 7, 'ucraig@gmail.com', 8971367888), (10266, 'Jeffrey Matthews', 'B.Tech Civil', 5, 'sheilabrock@gmail.com', 9372160568), (10267, 'William Michael', 'B.Tech IT', 5, 'zachary26@gmail.com', 9591988346), (10268, 'Jennifer Kelley', 'B.Tech IT', 1, 'trujillodonald@yahoo.com', 8377114178), (10269, 'Andrea Frank', 'B.Tech CSE', 5, 'jackie10@yahoo.com', 9254016381), (10270, 'Andrew Perez', 'B.Tech IT', 3, 'xnorman@hotmail.com', 8524658876), (10271, 'Debbie Sanchez', 'B.Tech Civil', 3, 'qallen@white-carter.com', 8317751001), (10272, 'Karen Jimenez', 'B.Tech Civil', 7, 'comptonshelly@owens.biz', 8857418789), (10273, 'Robert Manning', 'B.Tech Elec', 7, 'ashley49@yahoo.com', 9161405372), (10274, 'Dawn Vasquez', 'B.Tech Civil', 5, 'coxsteven@harper-hill.com', 8901112765), (10275, 'Katelyn Joyce', 'B.Tech IT', 5, 'riveranicole@gmail.com', 9499693172), (10276, 'Cheryl Terrell', 'B.Tech CSE', 5, 'donna42@yahoo.com', 9120838750), (10277, 'Eugene Williams', 'B.Tech Mech', 3, 'scottjohn@gmail.com', 8101331353), (10278, 'Leah Thomas', 'B.Tech CSE', 7, 'jessicagarcia@jones.biz', 9732369650), (10279, 'Kelly Baker', 'B.Tech Elec', 3, 'abell@mason-clark.info', 8469176642), (10280, 'Timothy Santos', 'B.Tech Mech', 7, 'craig81@jones.com', 8614189570), (10281, 'Dr. Michael Andrews', 'B.Tech IT', 5, 'benjamin06@fletcher.com', 8682643038), (10282, 'Jose Page', 'B.Tech Elec', 1, 'david69@wu.biz', 9776513851), (10283, 'Tina Moore', 'B.Tech CSE', 1, 'emilybowen@gmail.com', 8342429536), (10284, 'Michelle Williams', 'B.Tech Civil', 1, 'lambadrian@vance-jackson.net', 8967916848), (10285, 'Kimberly Campbell', 'B.Tech CSE', 7, 'youngchristine@hotmail.com', 9491837536), (10286, 'Matthew Reese', 'B.Tech Elec', 1, 'lindsey87@hotmail.com', 9957013086), (10287, 'Michael Kaiser', 'B.Tech Mech', 5, 'scott67@burke.com', 9257355274), (10288, 'Laura Kelley', 'B.Tech Mech', 7, 'emilyhall@martin.com', 9785610938), (10289, 'Sierra Gonzalez', 'B.Tech IT', 7, 'courtneyharvey@lee.org', 9017365068), (10290, 'Sherri Saunders', 'B.Tech IT', 5, 'crystal01@hotmail.com', 8473094336), (10291, 'Angela Melton', 'B.Tech IT', 1, 'bobby72@douglas.info', 9567608795), (10292, 'Carol Rodriguez', 'B.Tech IT', 3, 'michaelnelson@pope-hunt.com', 7899863911), (10293, 'Patty Mendoza', 'B.Tech Elec', 3, 'alfredross@humphrey.com', 8576802662), (10294, 'David Garcia', 'B.Tech Mech', 7, 'rwalker@gaines.biz', 8830880492), (10295, 'Brenda Hill', 'B.Tech CSE', 7, 'nathan84@schultz.com', 8235098389), (10296, 'Ronald Wilson', 'B.Tech CSE', 3, 'crystalmiller@smith.com', 9641432439), (10297, 'Matthew Peterson', 'B.Tech Mech', 5, 'elliottdaniel@farley.com', 8410773196), (10298, 'Brett Johnson', 'B.Tech Mech', 3, 'christopher84@hotmail.com', 8875470479), (10299, 'Debra Carter', 'B.Tech IT', 5, 'vicki41@gmail.com', 8650577327), (10300, 'Charles Moreno', 'B.Tech Elec', 1, 'jeanette62@gmail.com', 9335043720), (10301, 'Robert Hernandez', 'B.Tech IT', 5, 'campbellderek@hernandez-day.biz', 7981973336), (10302, 'Robert Hogan', 'B.Tech CSE', 3, 'andrew68@yahoo.com', 8723252513), (10303, 'Stephanie Duncan', 'B.Tech Elec', 5, 'jtaylor@jackson.com', 9921094083), (10304, 'Christopher Brooks', 'B.Tech IT', 5, 'zphelps@rowland-brown.com', 9985832324), (10305, 'Cynthia Alexander', 'B.Tech CSE', 5, 'fjensen@george.com', 8344254154), (10306, 'Elizabeth Esparza', 'B.Tech Mech', 1, 'zimmermantanner@ross.com', 7908540126), (10307, 'Leah Welch', 'B.Tech Civil', 5, 'colemanphillip@dennis-hernandez.com', 9321094420), (10308, 'Daniel Cohen', 'B.Tech Elec', 1, 'rogerstracy@yahoo.com', 8467784043), (10309, 'Deborah Ferguson', 'B.Tech IT', 5, 'edaugherty@bartlett-jordan.com', 9566763700), (10310, 'Gina Love', 'B.Tech Mech', 7, 'anne61@gmail.com', 9640719737), (10311, 'Joshua Perez', 'B.Tech Mech', 3, 'darryl07@gmail.com', 7987042755), (10312, 'Roger Rodriguez', 'B.Tech IT', 1, 'jenniferyates@richard.com', 8323041680), (10313, 'Brenda Ramirez', 'B.Tech Elec', 1, 'dfitzgerald@gmail.com', 9590819681), (10314, 'Melissa Hernandez', 'B.Tech Mech', 7, 'devincampbell@gonzales-benjamin.biz', 7935538773), (10315, 'Brian Reed', 'B.Tech IT', 7, 'roger47@hotmail.com', 9680378366), (10316, 'Jennifer Hobbs', 'B.Tech Elec', 7, 'robertstark@walker.com', 8242721086), (10317, 'Anna Ellison', 'B.Tech Mech', 3, 'daniellelowe@harrington-joseph.com', 8191521961), (10318, 'Cassandra Luna', 'B.Tech CSE', 1, 'robertacosta@hotmail.com', 9022806915), (10319, 'Amy Adams', 'B.Tech CSE', 3, 'silvadanielle@hotmail.com', 9256671286), (10320, 'Laura Rodriguez', 'B.Tech IT', 5, 'amy69@hotmail.com', 7895193352), (10321, 'Dan Salas', 'B.Tech CSE', 5, 'brownwhitney@yahoo.com', 8231265334), (10322, 'Deborah Mitchell', 'B.Tech CSE', 1, 'edward35@villarreal-garcia.info', 9694733814), (10323, 'Cory Sims', 'B.Tech CSE', 7, 'maria74@reed.com', 7969916597), (10324, 'Robert Contreras', 'B.Tech Elec', 7, 'changsteven@salazar.com', 8731821912), (10325, 'Mary Clark', 'B.Tech Mech', 5, 'jeffrey77@brock-tucker.com', 9403664097), (10326, 'Danielle Wells', 'B.Tech IT', 7, 'cookjames@harris.info', 8130486548), (10327, 'Amanda Huynh', 'B.Tech Elec', 1, 'wsilva@gmail.com', 9389205601), (10328, 'Maria Brooks', 'B.Tech Mech', 1, 'donald02@gmail.com', 9727414908), (10329, 'Cameron Hernandez', 'B.Tech Mech', 7, 'kbenitez@yahoo.com', 8760122961), (10330, 'Jacob Campbell', 'B.Tech Elec', 7, 'danielleorozco@yahoo.com', 9255391691), (10331, 'Dakota Franklin', 'B.Tech Elec', 5, 'jacqueline14@hebert.net', 9766272580), (10332, 'Christopher Fowler', 'B.Tech Mech', 1, 'linda30@gmail.com', 8062246451), (10333, 'Russell Proctor', 'B.Tech Elec', 7, 'stephendalton@yahoo.com', 9640186317), (10334, 'Dylan Fisher', 'B.Tech Elec', 7, 'joyce30@crawford-moreno.com', 8112436862), (10335, 'Austin Moore', 'B.Tech IT', 7, 'rachael29@gmail.com', 8506206244), (10336, 'Jonathan Wiggins', 'B.Tech Mech', 1, 'jonespam@mills.net', 9879908867), (10337, 'Stephanie House', 'B.Tech CSE', 3, 'crodriguez@phillips.biz', 8472064380), (10338, 'Vanessa Alexander', 'B.Tech Mech', 5, 'ashley35@ramirez-klein.org', 9337141507), (10339, 'Daniel Wilson', 'B.Tech Mech', 5, 'kellycarmen@smith.com', 9698450228), (10340, 'John Williams', 'B.Tech CSE', 1, 'qmiller@gould.com', 9147393278), (10341, 'Jody Frank', 'B.Tech IT', 3, 'daniellemiller@martinez-sawyer.com', 8860724292), (10342, 'Cody Ross', 'B.Tech Mech', 1, 'wrighttiffany@yahoo.com', 8517309395), (10343, 'Pamela Cain', 'B.Tech CSE', 1, 'racheladkins@hotmail.com', 9268513240), (10344, 'Annette Scott', 'B.Tech IT', 1, 'brandtkelly@hood.com', 9736247660), (10345, 'Jason Orr', 'B.Tech CSE', 5, 'stephenchavez@yahoo.com', 8394240779), (10346, 'Hannah Peters', 'B.Tech Civil', 3, 'fletcherjohn@griffin-koch.info', 9909502052), (10347, 'Diamond Alexander', 'B.Tech IT', 3, 'gwatkins@yahoo.com', 8399277485), (10348, 'Edwin Gomez', 'B.Tech Civil', 1, 'csanders@gmail.com', 9968376595), (10349, 'Barbara Greene', 'B.Tech CSE', 3, 'nicholskrista@gmail.com', 8841341017), (10350, 'Emily Sherman', 'B.Tech IT', 5, 'judith79@coleman-thomas.net', 9168552141), (10351, 'Geoffrey Huang', 'B.Tech IT', 7, 'ebauer@gmail.com', 9264786146), (10352, 'Damon Beard', 'B.Tech Civil', 3, 'pachecojonathan@smith.com', 9250578193), (10353, 'Michelle Smith', 'B.Tech IT', 1, 'hensleyashley@castillo.com', 8029181294), (10354, 'Rachael Williams', 'B.Tech Elec', 1, 'kyleatkins@cardenas.com', 9951929663), (10355, 'Tina Garcia', 'B.Tech Mech', 3, 'richard52@yahoo.com', 8160324230), (10356, 'Sherri Mccarthy', 'B.Tech Elec', 3, 'williamsbrittany@gardner.com', 8064043545), (10357, 'Joseph Klein', 'B.Tech Civil', 7, 'michael99@mccormick-wilson.com', 8807725785), (10358, 'Gabriel Sanchez', 'B.Tech IT', 1, 'joshuahernandez@sosa.biz', 9694455774), (10359, 'Michael Anderson', 'B.Tech Civil', 3, 'brian66@ward.org', 8647244745), (10360, 'Patrick Le', 'B.Tech Mech', 5, 'walkerkenneth@gaines.com', 9767133634), (10361, 'Jason Pacheco', 'B.Tech Mech', 5, 'bryantandrew@rodriguez-quinn.com', 8026897781), (10362, 'Samantha Moran', 'B.Tech Elec', 3, 'tracygarza@hotmail.com', 9067780723), (10363, 'Mrs. Robin Valencia', 'B.Tech Civil', 1, 'vegaanthony@hotmail.com', 9826688641), (10364, 'Rita Smith', 'B.Tech Elec', 5, 'erin10@mendez.com', 9268565572), (10365, 'Brenda Whitaker', 'B.Tech CSE', 3, 'smithmichael@pena-johnson.com', 9612534741), (10366, 'Nicholas King', 'B.Tech CSE', 3, 'jamesbauer@yahoo.com', 8599795772), (10367, 'Elizabeth Griffith', 'B.Tech CSE', 1, 'justin64@gmail.com', 7950479505), (10368, 'Amy Mitchell', 'B.Tech Elec', 5, 'aking@gmail.com', 7858799345), (10369, 'David Hurst', 'B.Tech Civil', 3, 'jeremy86@hotmail.com', 9306335190), (10370, 'Jerry Bartlett', 'B.Tech Mech', 5, 'pforbes@hotmail.com', 8379229462), (10371, 'Morgan Green', 'B.Tech Civil', 5, 'rodriguezedward@duncan.net', 9580805225), (10372, 'Stephanie Morgan', 'B.Tech Mech', 3, 'heather24@hicks.org', 9419428159), (10373, 'Jonathan Mullins', 'B.Tech CSE', 7, 'ramirezjeffery@young.com', 7921911521), (10374, 'Bryan Graham', 'B.Tech Civil', 5, 'kbarber@contreras.info', 7814946274), (10375, 'Gregory Jones', 'B.Tech IT', 7, 'hmurray@stewart.biz', 9458357828), (10376, 'Brandon Bright DDS', 'B.Tech CSE', 1, 'bridgetconway@brown.com', 8508935503), (10377, 'David Hayes', 'B.Tech Elec', 1, 'davidjohnson@king.com', 8310308926), (10378, 'Mr. Wyatt Morgan', 'B.Tech Mech', 3, 'tracyhall@gmail.com', 8015539713), (10379, 'Dr. Henry Smith', 'B.Tech IT', 3, 'rmoore@gmail.com', 8724028130), (10380, 'Ashley Mendoza', 'B.Tech CSE', 1, 'davidblack@gmail.com', 8931595648), (10381, 'Cynthia Scott', 'B.Tech Civil', 3, 'jessicaduke@hotmail.com', 9878003378), (10382, 'Eric Nolan', 'B.Tech Mech', 1, 'jamesrubio@dennis.info', 8079395943), (10383, 'Amy Anderson', 'B.Tech Mech', 7, 'christy62@hotmail.com', 8302096102), (10384, 'Randall Morgan', 'B.Tech CSE', 5, 'hernandezchristopher@gmail.com', 8556661598), (10385, 'Aaron Richardson', 'B.Tech CSE', 3, 'jacobsanchez@hotmail.com', 9155921487), (10386, 'Monica Hawkins', 'B.Tech Civil', 1, 'christinelevine@gonzales.com', 9091313389), (10387, 'John Murray', 'B.Tech IT', 1, 'kfrancis@barnes.com', 8220333401), (10388, 'Nathan Smith', 'B.Tech Civil', 7, 'carsonjames@kirk-woods.net', 9521545756), (10389, 'Belinda Wood', 'B.Tech Elec', 7, 'baileynicole@gmail.com', 8487153504), (10390, 'Steven Skinner', 'B.Tech IT', 3, 'jennifer15@smith-best.info', 8806974102), (10391, 'Joseph Holden', 'B.Tech Elec', 7, 'ljoyce@gmail.com', 9652978505), (10392, 'Monique Green', 'B.Tech Elec', 1, 'brian56@gmail.com', 9422062364), (10393, 'Kevin Green', 'B.Tech IT', 7, 'mjordan@johnson.org', 9129751779), (10394, 'Destiny Walker', 'B.Tech Civil', 5, 'tammyreynolds@gmail.com', 8165777420), (10395, 'Sarah Paul', 'B.Tech Elec', 3, 'jennifercampbell@steele-king.org', 8826879716), (10396, 'John Morris', 'B.Tech Elec', 1, 'waguilar@moreno.com', 9088113297), (10397, 'Robert Payne', 'B.Tech Elec', 5, 'sparker@yahoo.com', 8365298936), (10398, 'Jessica Hansen', 'B.Tech Elec', 7, 'donaldwells@gmail.com', 8452172628), (10399, 'Philip Diaz Jr.', 'B.Tech Elec', 1, 'varmstrong@vaughn-mullins.com', 8365026228), (10400, 'Kathryn Mendoza', 'B.Tech Mech', 3, 'sandra35@hotmail.com', 8734250088), (10401, 'Meghan Donovan', 'B.Tech IT', 1, 'andrew69@hernandez-small.net', 8842129923), (10402, 'Jennifer Thomas', 'B.Tech Elec', 1, 'cwebster@hotmail.com', 8477650265), (10403, 'Christopher Farmer', 'B.Tech Civil', 7, 'michele12@yahoo.com', 9254644872), (10404, 'Natalie Riggs', 'B.Tech CSE', 7, 'annaberg@gmail.com', 8251846971), (10405, 'Victor Johnson', 'B.Tech IT', 1, 'wallacedeborah@stone-hickman.com', 8870477950), (10406, 'Roy Holmes', 'B.Tech Mech', 7, 'briansellers@gmail.com', 9265424066), (10407, 'Justin Moss', 'B.Tech Elec', 3, 'jonescheryl@yahoo.com', 8900769666), (10408, 'Harold Morales', 'B.Tech Mech', 1, 'davidnichols@hotmail.com', 8734234729), (10409, 'Adam Walker', 'B.Tech IT', 3, 'jcraig@hensley-watkins.com', 8818269854), (10410, 'Allison Harris', 'B.Tech Mech', 3, 'tylerjulie@stewart.org', 9652312390), (10411, 'William Molina', 'B.Tech Civil', 5, 'ryan95@gmail.com', 9794878773), (10412, 'Bonnie Holloway', 'B.Tech Elec', 3, 'jonesjohn@wise.com', 9858881623), (10413, 'Sylvia Mcguire', 'B.Tech Mech', 1, 'craigcastro@castillo.com', 8301894748), (10414, 'Mario Moore', 'B.Tech Mech', 1, 'chart@hansen.org', 8253333520), (10415, 'Amanda Bender', 'B.Tech Civil', 7, 'dmurphy@gmail.com', 9354560269), (10416, 'Katherine Perry', 'B.Tech Elec', 7, 'anthonyholland@yahoo.com', 8017895680), (10417, 'Penny Gilbert', 'B.Tech IT', 1, 'drobinson@mcneil.com', 9476441559), (10418, 'Alan Vasquez', 'B.Tech IT', 3, 'peter82@sexton.net', 9514387927), (10419, 'Carrie Lewis', 'B.Tech CSE', 1, 'louis37@smith.biz', 8207300414), (10420, 'Hannah Moore', 'B.Tech Mech', 1, 'tara98@hill.org', 8858094538), (10421, 'Bailey Harmon', 'B.Tech Mech', 3, 'samuelstone@peterson.com', 9136924763), (10422, 'Joseph Hamilton', 'B.Tech Civil', 5, 'westfrank@hotmail.com', 9142795813), (10423, 'Kimberly Johnson', 'B.Tech CSE', 3, 'jward@gmail.com', 8039310188), (10424, 'Cynthia Joseph', 'B.Tech Mech', 3, 'brandon16@harris.biz', 9502915311), (10425, 'Robin Watts', 'B.Tech IT', 7, 'josephjohnson@white.com', 9851338217), (10426, 'Jenny Cisneros', 'B.Tech Elec', 7, 'xclark@allen.com', 8429604769), (10427, 'Joseph Sanders', 'B.Tech Civil', 7, 'melissa80@henderson-acevedo.info', 9520741909), (10428, 'Anthony Vasquez', 'B.Tech Civil', 5, 'mark67@perez.com', 8955839898), (10429, 'Brandi Warner', 'B.Tech CSE', 1, 'meghanrichard@gmail.com', 8179317061), (10430, 'Charles Smith', 'B.Tech Mech', 3, 'blewis@yahoo.com', 8675909702), (10431, 'John Sanchez', 'B.Tech CSE', 5, 'qosborne@yahoo.com', 7847660000), (10432, 'Eric Reyes', 'B.Tech IT', 7, 'ashepard@lee.org', 9145732427), (10433, 'Michele Cross', 'B.Tech IT', 5, 'ualvarez@jones.com', 7954742073), (10434, 'Laura Newton DDS', 'B.Tech Elec', 1, 'brownkevin@taylor.com', 9949831171), (10435, 'Leah Rios', 'B.Tech Mech', 3, 'rebecca25@hotmail.com', 8849608790), (10436, 'Kristin Fields', 'B.Tech Civil', 7, 'omorgan@moore-johnson.net', 8239920844), (10437, 'Jacob Mccoy', 'B.Tech IT', 1, 'rebecca14@maxwell-park.net', 8359806538), (10438, 'Monique Wells', 'B.Tech IT', 5, 'ywaters@hotmail.com', 8347678200), (10439, 'Johnny Ochoa', 'B.Tech Mech', 7, 'stephanieedwards@yahoo.com', 8759357301), (10440, 'Kevin Miranda', 'B.Tech IT', 7, 'ajackson@yahoo.com', 8983091828), (10441, 'Elizabeth Nunez', 'B.Tech IT', 5, 'diazdavid@hotmail.com', 7898901065), (10442, 'David Collins', 'B.Tech IT', 5, 'tamaraleon@gmail.com', 7802062986), (10443, 'David Fields', 'B.Tech Elec', 1, 'renee82@thompson.com', 9690262023), (10444, 'Mrs. Cynthia Anderson', 'B.Tech Mech', 3, 'whudson@martin.com', 9848530333), (10445, 'Grace Lee', 'B.Tech IT', 3, 'roger34@shepard-craig.biz', 8001543052), (10446, 'Samuel Taylor', 'B.Tech Mech', 5, 'jessica91@lee-curtis.info', 8229979669), (10447, 'Lisa Jones', 'B.Tech Elec', 5, 'thompsondean@murphy.biz', 9789797122), (10448, 'Tyler Bates', 'B.Tech Elec', 3, 'alvarezjerry@hotmail.com', 7866086885), (10449, 'Nicholas Clark', 'B.Tech Civil', 3, 'qclark@hernandez.net', 9364953341), (10450, 'Heidi Zhang', 'B.Tech Mech', 7, 'hannah91@hotmail.com', 7820813283), (10451, 'Amber Allen', 'B.Tech Civil', 7, 'williamwalter@lee.com', 8080521419), (10452, 'Frederick Peters', 'B.Tech IT', 7, 'fosterandrew@vance.com', 9987778544), (10453, 'Brittany Lee', 'B.Tech Civil', 3, 'lyang@yahoo.com', 8751789151), (10454, 'Joshua Brown', 'B.Tech Civil', 5, 'johnnymcdaniel@tucker-allen.com', 9113921570), (10455, 'William Johns', 'B.Tech Civil', 3, 'cbrown@wright.com', 9117980356), (10456, 'Kerry Norris', 'B.Tech IT', 7, 'patrickgrimes@young.com', 9473251051), (10457, 'Melissa Stone', 'B.Tech Elec', 3, 'donald94@gmail.com', 9785843486), (10458, 'Matthew Harris', 'B.Tech Civil', 3, 'xcurtis@gmail.com', 9205584033), (10459, 'Daniel Nichols', 'B.Tech CSE', 7, 'lmoore@yahoo.com', 8147679357), (10460, 'Margaret Frazier', 'B.Tech CSE', 3, 'alexander64@cook.net', 7818706995), (10461, 'Katherine Wright', 'B.Tech Elec', 7, 'liujustin@jones-ingram.biz', 9308241499), (10462, 'James Dennis', 'B.Tech Mech', 3, 'onealryan@hotmail.com', 9631450828), (10463, 'Lori Fuentes', 'B.Tech IT', 5, 'jared56@hotmail.com', 8824347450), (10464, 'Michael Cervantes', 'B.Tech IT', 3, 'robinfuller@fritz.com', 9249313843), (10465, 'Dennis Obrien', 'B.Tech Mech', 1, 'kennethreeves@valdez.com', 8840483773), (10466, 'Kelsey Cobb', 'B.Tech Mech', 1, 'lisakennedy@mckenzie.com', 9853568065), (10467, 'Gregory Rios', 'B.Tech IT', 3, 'pduncan@yahoo.com', 9284107152), (10468, 'Trevor Drake', 'B.Tech Mech', 7, 'ahorton@gmail.com', 8369261211), (10469, 'Daniel Bass', 'B.Tech Elec', 7, 'jcook@yahoo.com', 8453309338), (10470, 'Malik Coleman', 'B.Tech Elec', 1, 'clarkandrew@gmail.com', 9736597389), (10471, 'Kevin Bell MD', 'B.Tech CSE', 7, 'sanchezdavid@hotmail.com', 9530945742), (10472, 'Scott Beard', 'B.Tech CSE', 1, 'susanlewis@mendoza.biz', 9308194619), (10473, 'Jeffrey Moreno', 'B.Tech Mech', 3, 'everettmichael@hotmail.com', 9182710871), (10474, 'Donald Hughes', 'B.Tech CSE', 5, 'umendez@ruiz.com', 8095327210), (10475, 'Sabrina Hill', 'B.Tech Mech', 5, 'alex74@hotmail.com', 8815136427), (10476, 'Laura Carson MD', 'B.Tech CSE', 7, 'chungwilliam@yahoo.com', 7959184180), (10477, 'Jessica Harmon', 'B.Tech Elec', 5, 'christopher77@garrett-taylor.com', 8171205450), (10478, 'Laura Lewis', 'B.Tech CSE', 5, 'jchang@ortega.net', 8915626355), (10479, 'Jennifer Vaughn', 'B.Tech Elec', 7, 'ihudson@yahoo.com', 9499929628), (10480, 'Amber Nelson MD', 'B.Tech Mech', 5, 'april50@hall.com', 8425994465), (10481, 'Tammy Parker', 'B.Tech Mech', 7, 'mooreshannon@zhang.com', 8048453387), (10482, 'Travis Lopez', 'B.Tech CSE', 1, 'virginiaflores@yahoo.com', 8794971552), (10483, 'Richard Mccoy', 'B.Tech IT', 7, 'kenneth62@holmes.com', 9134175211), (10484, 'Alexander Fernandez', 'B.Tech IT', 7, 'wnicholson@banks.com', 9023402833), (10485, 'Jamie Strickland', 'B.Tech CSE', 1, 'steven26@ray-myers.org', 8685097210), (10486, 'Phillip Wilson', 'B.Tech Civil', 1, 'michael96@hotmail.com', 9857197800), (10487, 'William Hall', 'B.Tech CSE', 5, 'kimberlypowell@johnson.com', 8797288846), (10488, 'Daniel Cruz', 'B.Tech Civil', 3, 'sarah74@yahoo.com', 8540874810), (10489, 'Jordan Taylor', 'B.Tech Mech', 1, 'grantjustin@yahoo.com', 8904893555), (10490, 'Shawn Long', 'B.Tech CSE', 7, 'carol23@hotmail.com', 9606890720), (10491, 'Kimberly Evans', 'B.Tech Mech', 1, 'woodsalicia@yahoo.com', 8284804978), (10492, 'Matthew Owen', 'B.Tech Civil', 7, 'aliciabennett@yahoo.com', 7887384849), (10493, 'Richard Barnes', 'B.Tech Elec', 3, 'aimeejohnson@armstrong.com', 9330138929), (10494, 'Brittney Schultz', 'B.Tech Mech', 7, 'shelby68@rivas.com', 7837373771), (10495, 'Kelly Miller', 'B.Tech Mech', 7, 'bharrison@hall.com', 8883779370), (10496, 'Brent Thompson', 'B.Tech Elec', 7, 'mirandajohn@rowe.com', 7989982397), (10497, 'Rebecca Banks', 'B.Tech Elec', 7, 'joseph30@brown-smith.biz', 9261658403), (10498, 'Rebecca Ward', 'B.Tech Elec', 3, 'johnhamilton@gray.biz', 9523331623), (10499, 'Jeffery Lee', 'B.Tech Mech', 3, 'jay99@gonzalez.info', 9714200724), (10500, 'Kelly Johnson', 'B.Tech IT', 5, 'jessicabrown@alexander-mitchell.com', 9961507228), (10501, 'Mrs. Melissa Ruiz', 'B.Tech Mech', 7, 'royfisher@hotmail.com', 8295437985), (10502, 'Mary Hammond', 'B.Tech IT', 7, 'april80@gmail.com', 8774366957), (10503, 'Christina Summers', 'B.Tech Civil', 7, 'joshua81@gmail.com', 8656740534), (10504, 'Shawn Mcdowell', 'B.Tech Mech', 1, 'melindahorton@west.com', 8872853846), (10505, 'Adam Chavez', 'B.Tech Mech', 7, 'qsmith@yahoo.com', 8382676475), (10506, 'Alexander Blake', 'B.Tech Civil', 7, 'alexander19@beard.com', 9674265416), (10507, 'Melissa Cochran', 'B.Tech Civil', 7, 'gutierrezandrew@tucker.com', 9543091356), (10508, 'Jerry Blair', 'B.Tech CSE', 1, 'ymclaughlin@massey.com', 8868427609), (10509, 'Keith Lopez', 'B.Tech CSE', 3, 'christopher52@torres-rose.com', 9796692465), (10510, 'Cheryl White', 'B.Tech Mech', 7, 'othomas@jones.info', 8026196315), (10511, 'Cameron Martin', 'B.Tech Mech', 1, 'jgay@yahoo.com', 9047835823), (10512, 'Peter Campbell', 'B.Tech Mech', 7, 'christinapowell@hotmail.com', 9929906668), (10513, 'Kristen Hall', 'B.Tech IT', 1, 'bondjennifer@gmail.com', 8832727833), (10514, 'Russell Ross', 'B.Tech Mech', 3, 'prodriguez@hotmail.com', 8603554115), (10515, 'Richard Ramirez', 'B.Tech CSE', 3, 'dunntara@davis.com', 8757166590), (10516, 'Bryan Hampton', 'B.Tech Civil', 1, 'jamesbrianna@yahoo.com', 9408140745), (10517, 'Jennifer Ruiz', 'B.Tech Mech', 1, 'xcontreras@williams.org', 8188471415), (10518, 'Kathleen Miller', 'B.Tech CSE', 3, 'rodriguezjacqueline@gmail.com', 8262949178), (10519, 'James Alexander', 'B.Tech CSE', 5, 'whitneychambers@yahoo.com', 9325768729), (10520, 'Jimmy Curtis', 'B.Tech CSE', 7, 'olivia89@williams.com', 8373094210), (10521, 'Susan Sharp', 'B.Tech IT', 3, 'ericsimmons@yahoo.com', 9065398330), (10522, 'Timothy Johnson', 'B.Tech IT', 7, 'eddiethompson@hart.com', 9921464213), (10523, 'Barbara Golden', 'B.Tech Elec', 1, 'eperez@hendricks.com', 8275415407), (10524, 'Todd Gordon', 'B.Tech Elec', 3, 'harrisbryan@lindsey.biz', 8192885701), (10525, 'Chad Jones', 'B.Tech Civil', 3, 'webbconnie@hammond-gonzales.com', 9706204387), (10526, 'George Crosby', 'B.Tech Mech', 7, 'jacob99@hotmail.com', 9700279082), (10527, 'Emily White', 'B.Tech Mech', 7, 'cliffordforbes@lopez-king.com', 9939094370), (10528, 'Beth Cannon', 'B.Tech Mech', 5, 'nharper@chapman-moore.com', 9280059417), (10529, 'Christina Baker', 'B.Tech Civil', 3, 'aowens@hotmail.com', 9763105723), (10530, 'Darlene Sutton', 'B.Tech Civil', 1, 'sean83@yahoo.com', 8156578893), (10531, 'Kathryn Rice', 'B.Tech IT', 3, 'ynelson@yahoo.com', 9869728741), (10532, 'Ronald Wells', 'B.Tech CSE', 7, 'hvasquez@schwartz-henry.info', 9221566261), (10533, 'Sheri Fisher', 'B.Tech IT', 3, 'carolbutler@yahoo.com', 9078891118), (10534, 'Jeremiah Haney', 'B.Tech Mech', 5, 'bfaulkner@hart-miller.com', 9601445536), (10535, 'Tracy Miller', 'B.Tech CSE', 7, 'lwilkins@gmail.com', 8435831997), (10536, 'Tyler Branch', 'B.Tech CSE', 1, 'weekspeter@holland-ochoa.com', 8483542774), (10537, 'Katherine Johnson', 'B.Tech CSE', 7, 'bensonamanda@yahoo.com', 7978555575), (10538, 'Phyllis Woodward', 'B.Tech Mech', 7, 'rebecca39@holmes.com', 7850816867), (10539, 'Mallory Benitez', 'B.Tech Mech', 1, 'omar93@schmitt.com', 9754602851), (10540, 'Benjamin Steele', 'B.Tech Mech', 1, 'mgibson@malone-johnson.com', 9299795814), (10541, 'Michael Garcia', 'B.Tech Mech', 7, 'shaun19@thompson-patrick.com', 9349938625), (10542, 'Evelyn Miller', 'B.Tech IT', 7, 'brookemiller@gmail.com', 9119926882), (10543, 'Jennifer Torres', 'B.Tech CSE', 5, 'robertwhite@mathews-miller.com', 9435780731), (10544, 'Vincent Lynch', 'B.Tech Civil', 3, 'edward19@yahoo.com', 8405896449), (10545, 'Jeffrey Crawford', 'B.Tech Elec', 1, 'robert21@roberts-davis.com', 9885544920), (10546, 'Carla Perkins', 'B.Tech Elec', 3, 'brookelee@gmail.com', 9920313321), (10547, 'Jonathan Cantu', 'B.Tech Mech', 7, 'oscargallagher@yahoo.com', 7983351113), (10548, 'Ashley Barber', 'B.Tech Mech', 5, 'april61@vaughn.com', 8883130420), (10549, 'Ethan Graham', 'B.Tech IT', 1, 'grace64@gmail.com', 7898581553), (10550, 'Meghan Hood', 'B.Tech Civil', 1, 'tiffanymoss@suarez.com', 8248851086), (10551, 'James Davis', 'B.Tech IT', 7, 'paulwilliam@hendricks.biz', 9726323778), (10552, 'Morgan Vargas', 'B.Tech Civil', 1, 'michellebrown@yahoo.com', 9039500701), (10553, 'Michele Johnson', 'B.Tech IT', 5, 'tfarley@hill.com', 9235504064), (10554, 'Stephen Harris', 'B.Tech Elec', 1, 'tracidaniels@martinez.com', 9259409974), (10555, 'Whitney Young', 'B.Tech Mech', 7, 'brandoncooper@gmail.com', 8990718056), (10556, 'Holly Torres', 'B.Tech Mech', 1, 'erinmyers@yahoo.com', 8679353910), (10557, 'Jennifer Baker', 'B.Tech Elec', 7, 'isaac14@long.info', 8473037046), (10558, 'Ivan Patterson', 'B.Tech IT', 7, 'tim33@yahoo.com', 9352906485), (10559, 'Justin Bowman', 'B.Tech IT', 5, 'kjones@whitehead-mosley.com', 8040441498), (10560, 'Jacob Barber', 'B.Tech Elec', 3, 'mhughes@simmons.com', 8966375791), (10561, 'Andrew Spears', 'B.Tech Elec', 5, 'meyersbradley@gmail.com', 9884767783), (10562, 'Toni Marks', 'B.Tech Civil', 5, 'bethanytanner@thomas.net', 9899687044), (10563, 'Brianna Soto', 'B.Tech IT', 3, 'dgardner@carroll-graham.org', 9052074735), (10564, 'Lisa Hubbard', 'B.Tech IT', 3, 'christopherstark@hotmail.com', 8228520483), (10565, 'Miguel Baker', 'B.Tech CSE', 3, 'tammy49@hunter.org', 9262224071), (10566, 'Kevin Griffith', 'B.Tech Civil', 7, 'jessica22@villa.com', 9787327501), (10567, 'Jasmine Bryant', 'B.Tech IT', 1, 'philipjohnson@yahoo.com', 9286614129), (10568, 'Andrea Edwards', 'B.Tech IT', 3, 'roger34@yahoo.com', 9420039907), (10569, 'Tanner Olson', 'B.Tech Elec', 5, 'mmolina@yahoo.com', 8686633342), (10570, 'Michelle Davis', 'B.Tech Elec', 3, 'brandontorres@yahoo.com', 8847037303), (10571, 'Sarah Adams', 'B.Tech Civil', 1, 'jerry74@hotmail.com', 8971338633), (10572, 'Jason Villanueva', 'B.Tech Mech', 3, 'zimmermananthony@hotmail.com', 8002035740), (10573, 'Vickie Williams', 'B.Tech Civil', 5, 'carly51@hotmail.com', 9184699893), (10574, 'Kenneth Wood', 'B.Tech Mech', 5, 'yharris@yahoo.com', 9562264139), (10575, 'Patricia Anderson', 'B.Tech Elec', 1, 'candaceglass@gmail.com', 8885305182), (10576, 'Megan Kelly', 'B.Tech CSE', 7, 'coxtimothy@ramirez.info', 9467358347), (10577, 'Luis Webb', 'B.Tech IT', 5, 'natalie46@hotmail.com', 9705664243), (10578, 'Jonathan Henderson', 'B.Tech Elec', 5, 'hayesjohn@yahoo.com', 9890242388), (10579, 'Christina Thomas', 'B.Tech IT', 7, 'glasskelly@harrington.com', 8500913920), (10580, 'Michelle Martinez', 'B.Tech Mech', 5, 'eferrell@hotmail.com', 8883619346), (10581, 'Kristina Smith', 'B.Tech Elec', 5, 'sharonmiller@parker.net', 8996304603), (10582, 'Ashley Brown', 'B.Tech IT', 7, 'xwells@edwards.org', 9407090247), (10583, 'Tonya Dudley', 'B.Tech Mech', 1, 'jerry70@sanford-torres.info', 9154661419), (10584, 'Dana Moore', 'B.Tech Civil', 5, 'bjohnston@hotmail.com', 7954732298), (10585, 'Vanessa Smith', 'B.Tech CSE', 7, 'conleytina@williams.info', 9495641886), (10586, 'John Sawyer', 'B.Tech Elec', 7, 'mortondonald@duncan.com', 9087902592), (10587, 'Ronald Cross', 'B.Tech Civil', 3, 'lori79@gmail.com', 9829044791), (10588, 'Joshua Taylor', 'B.Tech Civil', 1, 'megan58@james.net', 8172119462), (10589, 'Kelly Olson PhD', 'B.Tech Elec', 1, 'waltersmichelle@hotmail.com', 9597732863), (10590, 'Brian Smith', 'B.Tech IT', 1, 'stevenperez@manning-smith.com', 9811479746), (10591, 'Stephanie Shannon', 'B.Tech CSE', 1, 'kimwendy@hotmail.com', 8580844795), (10592, 'Jerry Mason', 'B.Tech Mech', 3, 'jgarcia@stewart.com', 9397796402), (10593, 'Jade Willis', 'B.Tech Civil', 3, 'jbuck@gmail.com', 9232858385), (10594, 'Dr. Kevin Brown', 'B.Tech CSE', 3, 'telliott@yahoo.com', 8345724245), (10595, 'Amanda Santana', 'B.Tech Mech', 3, 'danny91@yahoo.com', 8485714931), (10596, 'Jennifer Evans', 'B.Tech IT', 1, 'herreramegan@romero-allen.com', 8572118883), (10597, 'Eric Lewis', 'B.Tech CSE', 1, 'vparker@brown-howard.com', 9048705740), (10598, 'Jose Nelson', 'B.Tech Mech', 5, 'brian04@cardenas.com', 8623901199), (10599, 'Joel Day', 'B.Tech CSE', 7, 'jacksonjessica@johnson.com', 9324386331), (10600, 'Austin Lewis', 'B.Tech IT', 1, 'jwallace@yahoo.com', 8279664073);
select * from students;


CREATE TABLE IF NOT EXISTS books
(
	book_id int NOT NULL AUTO_INCREMENT,
    name varchar(50) NOT NULL,
    subject varchar(50) NOT NULL,
    author varchar(100) NOT NULL,
    stock int NOT NULL,
    
    PRIMARY KEY (book_id)
); 

INSERT INTO books (book_id, name, subject, author, stock) VALUES(20101, 'deliver B2B communities', 'Chemistry', 'Richard Johnson', 20), (20102, 'unleash leading-edge e-business', 'Computer Science', 'Henry Henry', 25), (20103, 'engineer open-source niches', 'Physics', 'Christine Grant', 10), (20104, 'implement extensible info-mediaries', 'Electronics', 'Jesse Sherman DDS', 10), (20105, 'mesh next-generation schemas', 'Physics', 'Howard Hughes', 30), (20106, 'utilize synergistic content', 'Thermodynamics', 'Tiffany Smith', 35), (20107, 'extend viral niches', 'IT ', 'Michele Jefferson', 35), (20108, 'e-enable efficient channels', 'Programming', 'Hailey Lopez', 20), (20109, 'seize leading-edge web services', 'Electronics', 'Michelle Burch', 30), (20110, 'transform seamless experiences', 'IT ', 'Jeffrey Curtis', 25), (20111, 'cultivate bleeding-edge bandwidth', 'Programming', 'Richard Hernandez', 10), (20112, 'incubate 24/365 applications', 'Physics', 'Ashley Barnett', 25), (20113, 'transform extensible experiences', 'Chemistry', 'Paul Escobar', 25), (20114, 'streamline holistic synergies', 'Programming', 'Dawn Johnson', 30), (20115, 'integrate world-class e-commerce', 'Physics', 'George Garza', 10), (20116, 'scale innovative relationships', 'Thermodynamics', 'Sherry Miller', 20), (20117, 'expedite customized synergies', 'Programming', 'Kim Patterson', 25), (20118, 'monetize intuitive networks', 'Programming', 'Ana Luna', 30), (20119, 'transform collaborative synergies', 'Physics', 'William Nolan', 10), (20120, 'maximize impactful metrics', 'Programming', 'Sabrina Campos', 10), (20121, 'enhance leading-edge channels', 'Thermodynamics', 'Dr. Amy Green', 30), (20122, 'whiteboard cutting-edge paradigms', 'IT ', 'Rodney Owens', 25), (20123, 'engage extensible experiences', 'IT ', 'Cheryl Thompson', 20), (20124, 'empower holistic networks', 'Physics', 'Lauren Brown', 20), (20125, 'expedite efficient architectures', 'Programming', 'Nicole Robertson', 25), (20126, 'engineer dot-com action-items', 'Computer Science', 'Rebecca Johns', 25), (20127, 'incentivize e-business functionalities', 'Thermodynamics', 'Sandy Johnson', 30), (20128, 'envisioneer extensible experiences', 'Programming', 'Courtney Donaldson', 10), (20129, 'empower plug-and-play web services', 'Thermodynamics', 'Katie Baxter', 25), (20130, 'brand robust technologies', 'Chemistry', 'Erin Ball', 30), (20131, 'brand back-end infrastructures', 'Maths', 'Mr. Daniel Barry', 25), (20132, 'expedite mission-critical methodologies', 'Programming', 'Michael Woods', 35), (20133, 're-intermediate magnetic ROI', 'Programming', 'John Barnes', 35), (20134, 'visualize dynamic technologies', 'Programming', 'Brandon Cooper', 35), (20135, 'leverage sticky e-services', 'Programming', 'Carolyn Castillo', 30), (20136, 'empower mission-critical channels', 'Maths', 'Seth Henry', 20), (20137, 'maximize interactive content', 'IT ', 'Tracy Washington MD', 25), (20138, 'revolutionize synergistic e-tailers', 'Maths', 'Rodney Dyer', 25), (20139, 'matrix interactive technologies', 'Physics', 'George Gonzalez', 10), (20140, 'evolve web-enabled action-items', 'Chemistry', 'Heidi Williams', 10), (20141, 'generate innovative initiatives', 'Electronics', 'Jessica Gonzales', 10), (20142, 'streamline mission-critical niches', 'Thermodynamics', 'Mary Hall', 10), (20143, 'generate distributed interfaces', 'Programming', 'Tyler Jones', 35), (20144, 'reinvent rich vortals', 'Programming', 'Roy Mendoza DVM', 35), (20145, 'architect clicks-and-mortar solutions', 'Physics', 'Brent Gillespie', 25), (20146, 'transition bleeding-edge infrastructures', 'Computer Science', 'Elizabeth Reid', 20), (20147, 'visualize innovative portals', 'Chemistry', 'Jennifer Smith', 30), (20148, 'brand e-business interfaces', 'Electronics', 'Sarah Vincent', 10), (20149, 'productize vertical convergence', 'IT ', 'Larry Dillon', 35), (20150, 'iterate web-enabled vortals', 'Physics', 'Joshua Harrison', 30), (20151, 'harness holistic portals', 'Computer Science', 'Jennifer Campbell', 20), (20152, 'architect seamless markets', 'Electronics', 'Travis Cruz', 35), (20153, 'embrace dot-com markets', 'Computer Science', 'Keith Gonzalez', 30), (20154, 'enhance dot-com architectures', 'Programming', 'Mr. Joseph Campbell MD', 10), (20155, 'benchmark B2C web services', 'Electronics', 'Ernest Cruz', 10), (20156, 'drive revolutionary convergence', 'Programming', 'Nancy Reilly', 25), (20157, 'revolutionize compelling ROI', 'Maths', 'Jonathan Morrison', 30), (20158, 'streamline transparent e-services', 'Computer Science', 'Jennifer Obrien', 10), (20159, 'reinvent global initiatives', 'Programming', 'Michael Francis', 20), (20160, 'benchmark back-end action-items', 'Maths', 'Joseph Shaw', 30), (20161, 'leverage distributed networks', 'Computer Science', 'Amanda Nguyen', 35), (20162, 'target compelling e-commerce', 'Electronics', 'Heidi Morrison', 10), (20163, 'transform distributed convergence', 'Thermodynamics', 'Tina Gray', 30), (20164, 'target next-generation synergies', 'Electronics', 'Tammy Mendez', 25), (20165, 'envisioneer dot-com e-markets', 'Electronics', 'Robert Gray', 25), (20166, 'transition killer e-services', 'Computer Science', 'Susan Dorsey', 35), (20167, 'repurpose interactive web-readiness', 'Electronics', 'Cody Jones', 20), (20168, 'maximize impactful markets', 'Thermodynamics', 'Robert Stewart', 10), (20169, 'cultivate B2C web-readiness', 'Thermodynamics', 'Tabitha Lee', 25), (20170, 'incentivize bricks-and-clicks convergence', 'Programming', 'Patrick Bell', 30), (20171, 'reinvent cross-media infrastructures', 'Programming', 'Shawn Johnson', 35), (20172, 'e-enable cutting-edge ROI', 'IT ', 'Evan Ramirez', 10), (20173, 'matrix web-enabled communities', 'Thermodynamics', 'Donna Chavez', 25), (20174, 'incentivize revolutionary solutions', 'Physics', 'Stephanie Reyes', 20), (20175, 'incentivize enterprise content', 'Computer Science', 'Matthew Richardson', 20), (20176, 'whiteboard sticky portals', 'Physics', 'Ryan Gonzalez', 30), (20177, 'synthesize turn-key markets', 'IT ', 'Peter Henry', 35), (20178, 'productize B2B networks', 'Chemistry', 'Steven Elliott', 35), (20179, 'harness visionary solutions', 'IT ', 'Terry Conner', 30), (20180, 'scale strategic synergies', 'Programming', 'John Smith', 30), (20181, 'incentivize 24/7 communities', 'Programming', 'Alicia Baker', 30), (20182, 'maximize next-generation schemas', 'Programming', 'Melinda Garrett', 10), (20183, 'visualize clicks-and-mortar portals', 'Physics', 'William Delgado', 25), (20184, 'syndicate clicks-and-mortar partnerships', 'Programming', 'Miss Dana Stephens', 25), (20185, 'envisioneer user-centric architectures', 'Maths', 'Victor Graham', 10), (20186, 'exploit customized mindshare', 'Programming', 'Stephanie Salazar', 25), (20187, 'extend world-class technologies', 'Maths', 'Zoe Roy', 10), (20188, 'strategize out-of-the-box interfaces', 'Chemistry', 'Jennifer Walters', 10), (20189, 'engineer plug-and-play methodologies', 'Chemistry', 'Ashley Zuniga', 35), (20190, 'deliver plug-and-play e-commerce', 'Physics', 'Robert Davis', 35), (20191, 'envisioneer sexy e-tailers', 'Computer Science', 'Latasha Williams', 10), (20192, 'embrace proactive solutions', 'Maths', 'Joseph Miller', 35), (20193, 'maximize best-of-breed technologies', 'Computer Science', 'Michelle Mendoza', 25), (20194, 'architect collaborative bandwidth', 'Computer Science', 'Kristy Drake', 25), (20195, 'benchmark turn-key schemas', 'Computer Science', 'Ashley Roberts', 25), (20196, 'engage intuitive web-readiness', 'Computer Science', 'Bobby Carter', 30), (20197, 'exploit dynamic experiences', 'Computer Science', 'James Reyes', 20), (20198, 'strategize extensible experiences', 'Maths', 'Richard Jones', 30), (20199, 'exploit compelling solutions', 'Programming', 'Ryan Lane', 20), (20200, 'whiteboard sticky methodologies', 'Programming', 'Tyler Norman', 30);
select * from books;



CREATE TABLE IF NOT EXISTS librarians
(
	lib_id int AUTO_INCREMENT,
    username varchar(50) NOT NULL UNIQUE,
    password varchar(30) NOT NULL,
    name varchar(50) NOT NULL,
    email varchar(50),
    
    PRIMARY KEY (lib_id)
); 


INSERT INTO librarians (lib_id, username, password, name, email) VALUES (101, 'bonnie3', 54528633, 'Bonnie Patel', 'fsimpson@gmail.com'), (102, 'meghan1', 64361745, 'Meghan Russell', 'lisa70@velasquez.com'), (103, 'vincent2', 9931023, 'Vincent Smith', 'llambert@gmail.com'), (104, 'judith3', 38747687, 'Judith Russo', 'jason18@francis-patterson.biz'), (105, 'lisa15', 34074679, 'Lisa Cruz', 'jennifercole@brewer.net');
select * from librarians;




CREATE TABLE IF NOT EXISTS issued
(
	issued_id int NOT NULL AUTO_INCREMENT,
    roll_no int NOT NULL,
    book_id int NOT NULL,
    issued_date timestamp DEFAULT NOW(),
    return_date timestamp DEFAULT '0000-00-00 00:00:00',
    
    PRIMARY KEY (issued_id),
    
    FOREIGN KEY (roll_no) REFERENCES students(roll_no)
    ON DELETE CASCADE,
    
    FOREIGN KEY (book_id) REFERENCES books(book_id)
    ON DELETE CASCADE
    
);

INSERT INTO issued (issued_id, roll_no, book_id, issued_date, return_date) VALUES(500001, 10134, 20123, '2019-05-03 14:32:55', '2019-05-06 14:32:55'), (500002, 10143, 20121, '2019-03-06 23:34:20', '2019-03-25 23:34:20'), (500003, 10125, 20131, '2019-02-28 18:44:03', '2019-03-07 18:44:03'), (500004, 10144, 20143, '2019-04-23 13:21:44', '0000-00-00 00:00:00'), (500005, 10120, 20119, '2019-06-10 22:10:37', '2019-06-21 22:10:37'), (500006, 10154, 20133, '2019-04-07 02:05:35', '2019-04-18 02:05:35'), (500007, 10119, 20139, '2019-01-23 16:08:18', '0000-00-00 00:00:00'), (500008, 10154, 20127, '2019-04-14 01:38:55', '2019-04-25 01:38:55'), (500009, 10124, 20135, '2019-01-14 21:09:26', '2019-02-11 21:09:26'), (500010, 10138, 20134, '2019-01-09 00:20:21', '2019-01-20 00:20:21'), (500011, 10160, 20134, '2019-06-15 17:05:03', '2019-06-30 17:05:03'), (500012, 10127, 20146, '2019-05-15 12:46:17', '2019-06-08 12:46:17'), (500013, 10131, 20128, '2019-05-21 08:58:26', '0000-00-00 00:00:00'), (500014, 10156, 20131, '2019-05-27 00:39:37', '2019-06-03 00:39:37'), (500015, 10138, 20130, '2019-07-04 20:57:40', '2019-07-13 20:57:40'), (500016, 10137, 20145, '2019-05-05 00:12:55', '2019-05-13 00:12:55'), (500017, 10127, 20143, '2019-01-31 19:31:17', '2019-02-09 19:31:17'), (500018, 10138, 20144, '2019-06-15 17:45:07', '2019-06-19 17:45:07'), (500019, 10141, 20134, '2019-02-24 23:15:24', '2019-03-02 23:15:24'), (500020, 10133, 20153, '2019-03-05 05:47:20', '2019-03-12 05:47:20'), (500021, 10141, 20135, '2019-04-11 02:08:50', '2019-04-22 02:08:50'), (500022, 10168, 20154, '2019-04-02 15:09:53', '0000-00-00 00:00:00'), (500023, 10162, 20141, '2019-04-08 07:54:59', '0000-00-00 00:00:00'), (500024, 10171, 20143, '2019-01-09 12:31:56', '0000-00-00 00:00:00'), (500025, 10157, 20158, '2019-04-10 17:04:44', '0000-00-00 00:00:00'), (500026, 10169, 20143, '2019-04-05 11:13:32', '2019-04-21 11:13:32'), (500027, 10162, 20157, '2019-06-07 00:35:25', '2019-06-19 00:35:25'), (500028, 10138, 20165, '2019-03-31 19:59:07', '2019-04-03 19:59:07'), (500029, 10179, 20165, '2019-01-17 22:44:43', '2019-01-22 22:44:43'), (500030, 10149, 20141, '2019-02-05 14:39:56', '2019-02-20 14:39:56'), (500031, 10167, 20149, '2019-04-20 17:59:39', '2019-05-03 17:59:39'), (500032, 10160, 20150, '2019-01-11 17:19:46', '2019-01-13 17:19:46'), (500033, 10166, 20163, '2019-02-21 21:14:26', '0000-00-00 00:00:00'), (500034, 10173, 20162, '2019-06-13 15:31:02', '2019-06-17 15:31:02'), (500035, 10182, 20148, '2019-05-13 02:06:07', '2019-05-22 02:06:07'), (500036, 10171, 20166, '2019-05-14 10:20:11', '2019-05-30 10:20:11'), (500037, 10152, 20173, '2019-01-16 05:53:46', '0000-00-00 00:00:00'), (500038, 10181, 20171, '2019-04-27 12:52:49', '0000-00-00 00:00:00'), (500039, 10176, 20170, '2019-03-13 13:37:38', '2019-04-05 13:37:38'), (500040, 10176, 20172, '2019-03-03 23:06:09', '2019-03-18 23:06:09'), (500041, 10181, 20178, '2019-01-07 19:32:47', '2019-01-26 19:32:47'), (500042, 10179, 20165, '2019-06-04 00:10:25', '2019-06-13 00:10:25'), (500043, 10156, 20153, '2019-01-20 19:15:23', '0000-00-00 00:00:00'), (500044, 10156, 20160, '2019-03-19 13:48:27', '2019-04-02 13:48:27'), (500045, 10184, 20177, '2019-05-10 09:48:34', '2019-05-21 09:48:34'), (500046, 10196, 20161, '2019-06-28 15:38:38', '2019-07-03 15:38:38'), (500047, 10161, 20179, '2019-05-14 22:30:04', '2019-05-24 22:30:04'), (500048, 10165, 20182, '2019-02-15 21:44:58', '0000-00-00 00:00:00'), (500049, 10175, 20177, '2019-01-23 14:00:53', '0000-00-00 00:00:00'), (500050, 10185, 20183, '2019-04-18 00:25:45', '0000-00-00 00:00:00'), (500051, 10200, 20189, '2019-01-09 09:04:12', '2019-01-09 09:04:12'), (500052, 10188, 20173, '2019-01-21 15:10:12', '2019-02-14 15:10:12'), (500053, 10181, 20191, '2019-02-02 15:02:00', '0000-00-00 00:00:00'), (500054, 10203, 20184, '2019-06-30 21:27:17', '2019-07-03 21:27:17'), (500055, 10191, 20180, '2019-05-29 11:03:17', '2019-06-05 11:03:17'), (500056, 10202, 20187, '2019-04-08 19:25:04', '0000-00-00 00:00:00'), (500057, 10189, 20138, '2019-04-25 18:49:59', '2019-05-12 18:49:59'), (500058, 10175, 20122, '2019-05-16 11:09:36', '2019-06-01 11:09:36'), (500059, 10192, 20144, '2019-02-27 15:36:03', '2019-03-05 15:36:03'), (500060, 10187, 20129, '2019-03-15 02:50:03', '2019-03-20 02:50:03'), (500061, 10207, 20150, '2019-06-13 14:24:08', '2019-07-03 14:24:08'), (500062, 10182, 20126, '2019-04-30 16:49:10', '2019-05-02 16:49:10'), (500063, 10173, 20127, '2019-02-12 19:26:01', '0000-00-00 00:00:00'), (500064, 10190, 20141, '2019-05-13 12:40:16', '0000-00-00 00:00:00'), (500065, 10206, 20139, '2019-05-16 13:36:31', '0000-00-00 00:00:00'), (500066, 10195, 20155, '2019-05-16 08:15:08', '2019-06-15 08:15:08'), (500067, 10217, 20157, '2019-02-09 10:33:24', '2019-02-19 10:33:24'), (500068, 10190, 20150, '2019-01-04 01:54:23', '2019-01-10 01:54:23'), (500069, 10200, 20145, '2019-02-25 11:03:03', '0000-00-00 00:00:00'), (500070, 10218, 20132, '2019-03-30 08:59:48', '2019-04-19 08:59:48'), (500071, 10193, 20132, '2019-01-26 01:55:22', '2019-01-30 01:55:22'), (500072, 10186, 20145, '2019-06-26 16:40:49', '0000-00-00 00:00:00'), (500073, 10186, 20145, '2019-02-20 14:21:39', '2019-02-22 14:21:39'), (500074, 10210, 20148, '2019-02-20 17:59:28', '2019-03-01 17:59:28'), (500075, 10207, 20136, '2019-02-22 20:49:06', '2019-03-12 20:49:06'), (500076, 10222, 20156, '2019-05-02 18:17:11', '0000-00-00 00:00:00'), (500077, 10223, 20143, '2019-05-29 19:34:22', '2019-06-03 19:34:22'), (500078, 10225, 20144, '2019-04-15 18:52:43', '2019-04-25 18:52:43'), (500079, 10227, 20167, '2019-03-26 07:08:07', '2019-04-17 07:08:07'), (500080, 10217, 20168, '2019-05-08 07:49:06', '2019-05-15 07:49:06'), (500081, 10203, 20155, '2019-04-11 18:37:52', '2019-04-28 18:37:52'), (500082, 10212, 20156, '2019-03-11 12:27:55', '2019-03-29 12:27:55'), (500083, 10211, 20152, '2019-05-19 11:59:14', '2019-05-30 11:59:14'), (500084, 10199, 20162, '2019-02-03 04:11:07', '2019-02-08 04:11:07'), (500085, 10210, 20173, '2019-04-09 04:12:19', '2019-04-11 04:12:19'), (500086, 10212, 20166, '2019-02-24 13:11:16', '2019-03-11 13:11:16'), (500087, 10198, 20173, '2019-03-29 19:36:18', '2019-04-18 19:36:18'), (500088, 10202, 20168, '2019-03-24 16:46:43', '2019-03-29 16:46:43'), (500089, 10234, 20167, '2019-06-29 20:41:40', '2019-07-20 20:41:40'), (500090, 10220, 20161, '2019-06-07 01:13:06', '2019-06-10 01:13:06'), (500091, 10226, 20176, '2019-01-20 03:04:25', '2019-01-28 03:04:25'), (500092, 10229, 20155, '2019-03-18 10:13:23', '0000-00-00 00:00:00'), (500093, 10234, 20163, '2019-02-17 14:51:39', '2019-02-23 14:51:39'), (500094, 10228, 20167, '2019-05-18 21:27:25', '0000-00-00 00:00:00'), (500095, 10231, 20182, '2019-04-16 15:11:38', '2019-04-29 15:11:38'), (500096, 10231, 20176, '2019-01-02 12:08:48', '2019-01-14 12:08:48'), (500097, 10211, 20173, '2019-03-05 08:09:28', '2019-03-14 08:09:28'), (500098, 10228, 20178, '2019-01-08 10:22:05', '2019-01-23 10:22:05'), (500099, 10230, 20176, '2019-03-11 05:11:08', '2019-03-22 05:11:08'), (500100, 10229, 20179, '2019-01-09 10:23:04', '2019-02-02 10:23:04'), (500101, 10243, 20189, '2019-07-04 01:14:00', '2019-07-23 01:14:00'), (500102, 10242, 20164, '2019-01-25 17:47:42', '2019-01-28 17:47:42'), (500103, 10222, 20164, '2019-07-06 06:10:22', '2019-07-07 06:10:22'), (500104, 10225, 20171, '2019-03-17 15:29:57', '2019-03-26 15:29:57'), (500105, 10217, 20188, '2019-03-12 08:08:31', '2019-03-24 08:08:31'), (500106, 10235, 20177, '2019-01-01 12:10:31', '2019-01-02 12:10:31'), (500107, 10250, 20167, '2019-04-04 23:35:06', '2019-04-21 23:35:06'), (500108, 10239, 20191, '2019-06-29 09:07:16', '0000-00-00 00:00:00'), (500109, 10219, 20197, '2019-07-03 13:33:02', '2019-07-11 13:33:02'), (500110, 10259, 20179, '2019-06-30 05:37:42', '2019-07-07 05:37:42');

/*
update issued 
set f_days = (
				case
					when return_date = '0000-00-00 00:00:00' then
						-1
					when datediff(return_date, issued_date) > 15 then 
						datediff(return_date, issued_date) - 15
					else
						0
				end
			  )
where issued_id BETWEEN 10 AND 1000000000;
*/

select * from issued;

